Workbook

Sheet Executive Dashboard
A1: FLOWSHUA PROJECTS LLC | PROGRAM SUPPORT CONTROL WORKBOOK
A2: Illustrative work sample | Fictional, unclassified program office scenario | Not an official U.S. Government form
A3: Program: | B3: Program Meridian (fictional illustrative program) | D3: Data Date: | E3: =TODAY() -> 46221 | F3: Overall Status: | G3: Amber
A5: Open Actions | B5: Overdue Actions | C5: Open RAID Items | D5: High Impact RAID | E5: Pending Decisions | F5: Open Deliverables | G5: Deliverables Due <7 Days | H5: Docs Pending Review
A6: ='Action Tracker'!$K$4 -> 4 | B6: ='Action Tracker'!$K$5 -> 2 | C6: ='RAID Log'!$K$4 -> 4 | D6: ='RAID Log'!$K$5 -> 2 | E6: ='Decision Log'!$J$4 -> 2 | F6: ='Deliverables Register'!$K$4 -> 3 | G6: ='Deliverables Register'!$K$5 -> 2 | H6: ='Document Register'!$J$4 -> 1
A9: PROGRAM SUPPORT SUMMARY
A10: Area | B10: Open Count | C10: Overdue / High Priority | D10: Closed / Resolved (period) | E10: Source Tab
A11: Actions | B11: ='Action Tracker'!$K$4 -> 4 | C11: ='Action Tracker'!$K$5 -> 2 | D11: ='Action Tracker'!$K$6 -> 1 | E11: Action Tracker
A12: Deliverables | B12: ='Deliverables Register'!$K$4 -> 3 | C12: ='Deliverables Register'!$K$5 -> 2 | D12: ='Deliverables Register'!$K$6 -> 0 | E12: Deliverables Register
A13: RAID Items | B13: ='RAID Log'!$K$4 -> 4 | C13: ='RAID Log'!$K$5 -> 2 | D13: ='RAID Log'!$K$6 -> 0 | E13: RAID Log
A14: Decisions | B14: ='Decision Log'!$J$4 -> 2 | C14: ='Decision Log'!$J$6 -> 0 | D14: ='Decision Log'!$J$5 -> 1 | E14: Decision Log
A15: Documents | B15: ='Document Register'!$J$4 -> 1 | C15: ='Document Register'!$J$5 -> 1 | D15: ='Document Register'!$J$6 -> 3 | E15: Document Register

Sheet Operating Rhythm Calendar
A1: OPERATING RHYTHM CALENDAR
A2: Recurring program support battle rhythm | Update Next Occurrence after each event
A4: Event ID | B4: Cadence | C4: Meeting / Event | D4: Owner | E4: Attendees | F4: Typical Output | G4: Next Occurrence | H4: Notes
A5: OR-01 | B5: Daily | C5: Program Support Standup | D5: Program Coordinator | E5: Support Staff | F5: Action status check, blockers surfaced | G5: =TODAY()+1 -> 46222 | H5: 15 min, standing
A6: OR-02 | B6: Weekly | C6: Program Status Review | D6: Program Lead | E6: Functional Leads, Coordinator | F6: Weekly Status Report issued | G6: =TODAY()+7 -> 46228 | H6: See Reporting Calendar
A7: OR-03 | B7: Weekly | C7: Action & RAID Review | D7: Program Coordinator | E7: Action/RAID Owners | F7: Updated Action Tracker and RAID Log | G7: =TODAY()+7 -> 46228
A8: OR-04 | B8: Biweekly | C8: Working-Level Coordination | D8: Program Coordinator | E8: Functional Leads | F8: Cross-functional dependency check | G8: =TODAY()+14 -> 46235
A9: OR-05 | B9: Monthly | C9: Leadership / Customer Review | D9: Program Lead | E9: Leadership, Customer POC | F9: Executive Dashboard briefed | G9: =TODAY()+30 -> 46251
A10: OR-06 | B10: Monthly | C10: KPI & Performance Review | D10: Program Lead | E10: Program Support Team | F10: KPI Summary reviewed, trends assessed | G10: =TODAY()+30 -> 46251
A11: OR-07 | B11: Quarterly | C11: Document Control Audit | D11: Document Control Lead | E11: Program Coordinator | F11: Document Register reconciled | G11: =TODAY()+90 -> 46311

Sheet Meeting Register
A1: MEETING REGISTER
A2: Log of program support meetings | Link minutes and actions generated
A4: Meeting ID | B4: Date | C4: Meeting Name | D4: Type | E4: Facilitator | F4: Key Topics | G4: Actions Generated | H4: Minutes Status | I4: Status
A5: MTG-001 | B5: =TODAY()-7 -> 46214 | C5: Weekly Program Status Review | D5: Leadership | E5: Program Lead | F5: Schedule variance, material dependency | G5: 3 | H5: Distributed | I5: Held
A6: MTG-002 | B6: =TODAY()-2 -> 46219 | C6: Action & RAID Review | D6: Working Group | E6: Program Coordinator | F6: Overdue action follow-up | G6: 2 | H6: Distributed | I6: Held
A7: MTG-003 | B7: =TODAY()+5 -> 46226 | C7: Leadership / Customer Review | D7: Customer | E7: Program Lead | F7: Monthly performance summary | G7: 0 | H7: Pending | I7: Scheduled

Sheet Action Tracker
A1: ACTION TRACKER
A2: All open, in-work, and closed program support actions
J3: SUMMARY
J4: Open (incl. In Work) | K4: =COUNTIFS(G8:G67,"<>Closed",G8:G67,"<>Cancelled",G8:G67,"<>") -> 4
J5: Overdue | K5: =COUNTIF(I8:I67,">0") -> 2
J6: Closed (all time) | K6: =COUNTIF(G8:G67,"Closed") -> 1
A7: Action ID | B7: Description | C7: Owner | D7: Date Opened | E7: Due Date | F7: Priority | G7: Status | H7: Linked Item | I7: Days Overdue | J7: Notes
A8: ACT-001 | B8: Confirm replacement-material verification with supply lead | C8: Supply Lead | D8: =TODAY()-10 -> 46211 | E8: =TODAY()-2 -> 46219 | F8: High | G8: Open | H8: RAID-01 | I8: =IF(G8="Closed",0,IF(G8="Cancelled",0,IF(TODAY()>E8,TODAY()-E8,0))) -> 2 | J8: Escalate if unresolved
A9: ACT-002 | B9: Issue engineering disposition for open drawing question | C9: Engineering Lead | D9: =TODAY()-8 -> 46213 | E9: =TODAY()-1 -> 46220 | F9: High | G9: In Work | H9: RAID-02 | I9: =IF(G9="Closed",0,IF(G9="Cancelled",0,IF(TODAY()>E9,TODAY()-E9,0))) -> 1 | J9: Review scheduled
A10: ACT-003 | B10: Approve site access roster for onsite support | C10: Site POC | D10: =TODAY()-5 -> 46216 | E10: =TODAY()+3 -> 46224 | F10: Medium | G10: Open | I10: =IF(G10="Closed",0,IF(G10="Cancelled",0,IF(TODAY()>E10,TODAY()-E10,0))) -> 0
A11: ACT-004 | B11: Update document register after control-plan revision | C11: Document Control Lead | D11: =TODAY()-14 -> 46207 | E11: =TODAY()-7 -> 46214 | F11: Medium | G11: Closed | H11: DOC-004 | I11: =IF(G11="Closed",0,IF(G11="Cancelled",0,IF(TODAY()>E11,TODAY()-E11,0))) -> 0 | J11: Closed on schedule
A12: ACT-005 | B12: Validate test-equipment availability for readiness review | C12: Test Lead | D12: =TODAY()-3 -> 46218 | E12: =TODAY()+6 -> 46227 | F12: Medium | G12: Open | I12: =IF(G12="Closed",0,IF(G12="Cancelled",0,IF(TODAY()>E12,TODAY()-E12,0))) -> 0
I13: =IF(G13="",0,IF(G13="Closed",0,IF(G13="Cancelled",0,IF(TODAY()>E13,TODAY()-E13,0)))) -> 0
I14: =IF(G14="",0,IF(G14="Closed",0,IF(G14="Cancelled",0,IF(TODAY()>E14,TODAY()-E14,0)))) -> 0
I15: =IF(G15="",0,IF(G15="Closed",0,IF(G15="Cancelled",0,IF(TODAY()>E15,TODAY()-E15,0)))) -> 0
I16: =IF(G16="",0,IF(G16="Closed",0,IF(G16="Cancelled",0,IF(TODAY()>E16,TODAY()-E16,0)))) -> 0
I17: =IF(G17="",0,IF(G17="Closed",0,IF(G17="Cancelled",0,IF(TODAY()>E17,TODAY()-E17,0)))) -> 0
I18: =IF(G18="",0,IF(G18="Closed",0,IF(G18="Cancelled",0,IF(TODAY()>E18,TODAY()-E18,0)))) -> 0
I19: =IF(G19="",0,IF(G19="Closed",0,IF(G19="Cancelled",0,IF(TODAY()>E19,TODAY()-E19,0)))) -> 0
I20: =IF(G20="",0,IF(G20="Closed",0,IF(G20="Cancelled",0,IF(TODAY()>E20,TODAY()-E20,0)))) -> 0
I21: =IF(G21="",0,IF(G21="Closed",0,IF(G21="Cancelled",0,IF(TODAY()>E21,TODAY()-E21,0)))) -> 0
I22: =IF(G22="",0,IF(G22="Closed",0,IF(G22="Cancelled",0,IF(TODAY()>E22,TODAY()-E22,0)))) -> 0
I23: =IF(G23="",0,IF(G23="Closed",0,IF(G23="Cancelled",0,IF(TODAY()>E23,TODAY()-E23,0)))) -> 0
I24: =IF(G24="",0,IF(G24="Closed",0,IF(G24="Cancelled",0,IF(TODAY()>E24,TODAY()-E24,0)))) -> 0
... I67: =IF(G67="",0,IF(G67="Closed",0,IF(G67="Cancelled",0,IF(TODAY()>E67,TODAY()-E67,0)))) -> 0

Sheet Deliverables Register
A1: DELIVERABLES REGISTER
A2: Tracked program support deliverables and submissions
J3: SUMMARY
J4: Open (Not Started/In Progress) | K4: =COUNTIFS(F8:F67,"Not Started")+COUNTIFS(F8:F67,"In Progress") -> 3
J5: Due within 7 days | K5: =COUNTIFS(F8:F67,"<>",F8:F67,"<>Accepted",F8:F67,"<>Rejected",H8:H67,"<=7",H8:H67,">=0") -> 2
J6: Closed (Accepted, all time) | K6: =COUNTIF(F8:F67,"Accepted") -> 0
A7: Deliverable ID | B7: Description | C7: Owner | D7: Type | E7: Due Date | F7: Status | G7: % Complete | H7: Days Until Due | I7: Linked Meeting/Action | J7: Notes
A8: DEL-001 | B8: Weekly Status Report - Period 3 | C8: Program Coordinator | D8: Report | E8: =TODAY()+2 -> 46223 | F8: In Progress | G8: 0.7 | H8: =IF(F8="Accepted",0,IF(F8="Rejected",0,E8-TODAY())) -> 2 | I8: MTG-001
A9: DEL-002 | B9: Updated Integrated Milestone Schedule | C9: Program Lead | D9: Schedule | E9: =TODAY()+5 -> 46226 | F9: In Progress | G9: 0.5 | H9: =IF(F9="Accepted",0,IF(F9="Rejected",0,E9-TODAY())) -> 5
A10: DEL-003 | B10: Monthly KPI Summary | C10: Program Coordinator | D10: Report | E10: =TODAY()+12 -> 46233 | F10: Not Started | G10: 0 | H10: =IF(F10="Accepted",0,IF(F10="Rejected",0,E10-TODAY())) -> 12
A11: DEL-004 | B11: Revised Document Register | C11: Document Control Lead | D11: Register | E11: =TODAY()-3 -> 46218 | F11: Submitted | G11: 1 | H11: =IF(F11="Accepted",0,IF(F11="Rejected",0,E11-TODAY())) -> -3 | I11: DOC-004 | J11: Pending acceptance
H12: =IF(F12="",0,IF(F12="Accepted",0,IF(F12="Rejected",0,E12-TODAY()))) -> 0
H13: =IF(F13="",0,IF(F13="Accepted",0,IF(F13="Rejected",0,E13-TODAY()))) -> 0
H14: =IF(F14="",0,IF(F14="Accepted",0,IF(F14="Rejected",0,E14-TODAY()))) -> 0
H15: =IF(F15="",0,IF(F15="Accepted",0,IF(F15="Rejected",0,E15-TODAY()))) -> 0
H16: =IF(F16="",0,IF(F16="Accepted",0,IF(F16="Rejected",0,E16-TODAY()))) -> 0
H17: =IF(F17="",0,IF(F17="Accepted",0,IF(F17="Rejected",0,E17-TODAY()))) -> 0
H18: =IF(F18="",0,IF(F18="Accepted",0,IF(F18="Rejected",0,E18-TODAY()))) -> 0
H19: =IF(F19="",0,IF(F19="Accepted",0,IF(F19="Rejected",0,E19-TODAY()))) -> 0
H20: =IF(F20="",0,IF(F20="Accepted",0,IF(F20="Rejected",0,E20-TODAY()))) -> 0
H21: =IF(F21="",0,IF(F21="Accepted",0,IF(F21="Rejected",0,E21-TODAY()))) -> 0
H22: =IF(F22="",0,IF(F22="Accepted",0,IF(F22="Rejected",0,E22-TODAY()))) -> 0
H23: =IF(F23="",0,IF(F23="Accepted",0,IF(F23="Rejected",0,E23-TODAY()))) -> 0
... H67: =IF(F67="",0,IF(F67="Accepted",0,IF(F67="Rejected",0,E67-TODAY()))) -> 0

Sheet RAID Log
A1: RAID LOG
A2: Risks, Assumptions, Issues, and Dependencies
J3: SUMMARY
J4: Open | K4: =COUNTIFS(H8:H67,"Open")+COUNTIFS(H8:H67,"Monitoring") -> 4
J5: Open & High Impact | K5: =COUNTIFS(F8:F67,"High",H8:H67,"<>Closed",H8:H67,"<>") -> 2
J6: Closed (all time) | K6: =COUNTIF(H8:H67,"Closed") -> 0
A7: ID | B7: Type | C7: Statement | D7: Owner | E7: Probability | F7: Impact | G7: Response / Mitigation | H7: Status | I7: Date Identified | J7: Date Closed
A8: RAID-01 | B8: Risk | C8: Key material verification may slip beyond the planned window. | D8: Supply Lead | E8: Medium | F8: High | G8: Daily supplier follow-up; pre-stage partial receipts. | H8: Open | I8: =TODAY()-12 -> 46209
A9: RAID-02 | B9: Issue | C9: Open engineering question on a control document. | D9: Engineering Lead | E9: N/A | F9: High | G9: Disposition requested; escalate if unresolved by review. | H9: Open | I9: =TODAY()-6 -> 46215
A10: RAID-03 | B10: Assumption | C10: Site work area will remain available through the planned window. | D10: Site POC | E10: N/A | F10: Medium | G10: Validate at readiness review. | H10: Monitoring | I10: =TODAY()-9 -> 46212
A11: RAID-04 | B11: Dependency | C11: Test equipment reservation depends on completion of a prior activity. | D11: Test Lead | E11: Medium | F11: Medium | G11: Reserve backup equipment. | H11: Open | I11: =TODAY()-4 -> 46217

Sheet Decision Log
A1: DECISION LOG
A2: Decisions requested, pending, and resolved
I3: SUMMARY
I4: Pending | J4: =COUNTIF(E8:E67,"Pending") -> 2
I5: Approved (period) | J5: =COUNTIF(E8:E67,"Approved") -> 1
I6: Overdue (past Needed-By) | J6: =COUNTIFS(E8:E67,"Pending",D8:D67,"<"&TODAY()) -> 0
A7: Decision ID | B7: Decision Required | C7: Decision Authority | D7: Date Needed | E7: Status | F7: Date Decided | G7: Impact if Delayed | H7: Next Step
A8: DEC-01 | B8: Authorize contingency plan if material receipt slips further. | C8: Program Lead | D8: =TODAY()+2 -> 46223 | E8: Pending | G8: Protects schedule float. | H8: Coordinator to provide impact comparison.
A9: DEC-02 | B9: Approve use of backup test resource if primary unavailable. | C9: Test Authority | D9: =TODAY()+4 -> 46225 | E9: Pending | G9: Avoids test-window delay. | H9: Test Lead to confirm compatibility.
A10: DEC-03 | B10: Approve revised document register after control-plan update. | C10: Document Control Lead | D10: =TODAY()-5 -> 46216 | E10: Approved | F10: =TODAY()-4 -> 46217 | G10: Maintains single controlled baseline. | H10: Register updated.

Sheet Document Register
A1: DOCUMENT REGISTER
A2: Controlled program support documents and version history
I3: SUMMARY
I4: In Review | J4: =COUNTIF(E8:E67,"In Review") -> 1
I5: Review Past Due | J5: =COUNTIFS(H8:H67,"<"&TODAY(),H8:H67,"<>") -> 1
I6: Approved (current) | J6: =COUNTIF(E8:E67,"Approved") -> 3
A7: Document ID | B7: Title | C7: Version | D7: Owner | E7: Status | F7: Last Updated | G7: Location / Link | H7: Next Review Date
A8: DOC-001 | B8: Program Support Operating Rhythm and SOP Manual | C8: v1.0 | D8: Program Coordinator | E8: Approved | F8: =TODAY()-30 -> 46191 | G8: Program Support Library | H8: =TODAY()+150 -> 46371
A9: DOC-002 | B9: Integrated Milestone Schedule | C9: v2.3 | D9: Program Lead | E9: Approved | F9: =TODAY()-7 -> 46214 | G9: Program Support Library | H9: =TODAY()+23 -> 46244
A10: DOC-003 | B10: Weekly Status Report Template | C10: v1.1 | D10: Program Coordinator | E10: Approved | F10: =TODAY()-45 -> 46176 | G10: Templates Folder | H10: =TODAY()+135 -> 46356
A11: DOC-004 | B11: Program Support Control Plan | C11: v1.2 | D11: Document Control Lead | E11: In Review | F11: =TODAY()-2 -> 46219 | G11: Program Support Library | H11: =TODAY()-1 -> 46220

Sheet Reporting Calendar
A1: REPORTING CALENDAR
A2: Recurring reporting obligations and due dates
A4: Report | B4: Frequency | C4: Due Day / Date | D4: Owner | E4: Distribution | F4: Last Submitted | G4: Next Due | H4: Status
A5: Weekly Status Report | B5: Weekly | C5: Every Friday | D5: Program Coordinator | E5: Program Lead, Leadership | F5: =TODAY()-7 -> 46214 | G5: =TODAY() -> 46221 | H5: On Track
A6: Monthly KPI Summary | B6: Monthly | C6: Last business day | D6: Program Coordinator | E6: Program Lead, Customer | F6: =TODAY()-25 -> 46196 | G6: =TODAY()+5 -> 46226 | H6: On Track
A7: Executive Dashboard Briefing | B7: Monthly | C7: First review of month | D7: Program Lead | E7: Leadership | F7: =TODAY()-28 -> 46193 | G7: =TODAY()+2 -> 46223 | H7: On Track
A8: Document Control Audit Summary | B8: Quarterly | C8: End of quarter | D8: Document Control Lead | E8: Program Lead | F8: =TODAY()-80 -> 46141 | G8: =TODAY()+10 -> 46231 | H8: On Track

Sheet KPI Summary
A1: KPI SUMMARY
A2: Program support performance measures | Reviewed monthly
A4: Metric | B4: Formula / Source | C4: Target | D4: Current | E4: Status | F4: Data Source | G4: Trend Notes
A5: Action Closure Rate | B5: Closed actions / total logged actions | C5: 0.85 | D5: =IFERROR(COUNTIF('Action Tracker'!G8:G67,"Closed")/COUNTIF('Action Tracker'!A8:A67,"<>"),0) -> 0.2 | E5: =IF(D5>=C5,"Green",IF(D5>=C5*0.8,"Amber","Red")) -> Red | F5: Calculated
A6: Overdue Action Rate | B6: Overdue actions / open actions | C6: 0.1 | D6: =IFERROR('Action Tracker'!K5/'Action Tracker'!K4,0) -> 0.5 | E6: =IF(D6<=C6,"Green",IF(D6<=C6*1.5,"Amber","Red")) -> Red | F6: Calculated
A7: Deliverable On-Time Rate | B7: Accepted on/before due date / total closed deliverables | C7: 0.9 | D7: 0.92 | E7: Manual Input Required | F7: Manual Input Required
A8: Open High-Impact RAID Items | B8: Count of open Risk/Issue items rated High impact | C8: 0 | D8: ='RAID Log'!K5 -> 2 | E8: =IF(D8<=C8,"Green",IF(D8<=C8+2,"Amber","Red")) -> Amber | F8: Calculated
A9: Decision Cycle Time (avg days) | B9: Average days from decision requested to decided | C9: 5 | D9: 4.2 | E9: Manual Input Required | F9: Manual Input Required
A10: Document Currency Rate | B10: Approved documents / total controlled documents | C10: 0.9 | D10: =IFERROR(COUNTIF('Document Register'!E8:E67,"Approved")/COUNTIF('Document Register'!A8:A67,"<>"),0) -> 0.75 | E10: =IF(D10>=C10,"Green",IF(D10>=C10*0.8,"Amber","Red")) -> Amber | F10: Calculated
A11: Meeting On-Time Rate | B11: Meetings held as scheduled / total scheduled | C11: 0.9 | D11: 0.88 | E11: Manual Input Required | F11: Manual Input Required
A13: Note: rows marked "Manual Input Required" have no direct workbook data source. The Current value shown is an illustrative placeholder and must be replaced with an actual measured value before this workbook is used for real reporting.

Sheet Lists
A1: Priority | B1: ActionStatus | C1: YesNoNA | D1: RAIDType | E1: ProbImpact | F1: RAIDStatus | G1: DecisionStatus | H1: DocStatus | I1: DeliverableStatus | J1: MeetingType | K1: MeetingStatus | L1: Cadence | M1: OverallStatus | N1: ReportStatus | O1: KPIStatus
A2: High | B2: Open | C2: Yes | D2: Risk | E2: Low | F2: Open | G2: Pending | H2: Draft | I2: Not Started | J2: Standup | K2: Scheduled | L2: Daily | M2: Green | N2: On Track | O2: Green
A3: Medium | B3: In Work | C3: No | D3: Issue | E3: Medium | F3: Monitoring | G3: Approved | H3: In Review | I3: In Progress | J3: Working Group | K3: Held | L3: Weekly | M3: Amber | N3: At Risk | O3: Amber
A4: Low | B4: Closed | C4: N/A | D4: Assumption | E4: High | F4: Closed | G4: Denied | H4: Approved | I4: Submitted | J4: Program Review | K4: Cancelled | L4: Biweekly | M4: Red | N4: Late | O4: Red
B5: Cancelled | D5: Dependency | E5: N/A | G5: Deferred | H5: Superseded | I5: Accepted | J5: Leadership | K5: Rescheduled | L5: Monthly | M5: Blue | N5: Submitted
I6: Rejected | J6: Customer | L6: Quarterly
J7: Ad Hoc | L7: Ad Hoc
